{
    "name": "Blinker",
    "description": "Build a easy way for your IoT project. Blinker library for embedded hardware. Works with Arduino, ESP8266, ESP32.",
    "keywords": "wifi, websocket, Bluetooth, mqtt",
    "authors": [
        {
            "name": "i3water",
            "url": "https://github.com/i3water",
            "maintainer": true
        }
    ],
    "repository": {
        "type": "git",
        "url": "https://github.com/blinker-iot/blinker-library.git"
    },
    "version": "0.3.70210426",
    "homepage": "https://blinker.app/",
    "export": {
        "exclude": [
            "tests"
        ]
    },
    "frameworks": "arduino",
    "platforms": "*",
    "examples": [
        "examples/*/*/*.ino"
    ]
}
